Date,Category,Daily_Demand,day,month,year,weekday,weekofyear,quarter,is_weekend,month_start,month_end,lag_1,lag_7,lag_14,lag_30,rolling_mean_7,rolling_std_7,rolling_mean_30,rolling_std_30
2022-04-30,Blouse,8,30,4,2022,5,17,2,1,0,1,6.0,17.0,9.0,1.0,11.285714285714286,4.270608298368656,11.0,4.884881673645457
2022-05-01,Blouse,13,1,5,2022,6,17,2,1,1,0,8.0,15.0,17.0,14.0,10.0,3.5590260840104344,11.233333333333333,4.546186983830958
2022-05-02,Blouse,10,2,5,2022,0,18,2,0,0,0,13.0,8.0,19.0,5.0,9.714285714285714,3.1471831698777697,11.2,4.528834820081894
2022-05-03,Blouse,10,3,5,2022,1,18,2,0,0,0,10.0,9.0,18.0,12.0,10.0,3.0550504633038904,11.366666666666667,4.382436209055047
2022-05-04,Blouse,4,4,5,2022,2,18,2,0,0,0,10.0,15.0,13.0,8.0,10.142857142857142,3.0237157840738154,11.3,4.387678673049227
2022-05-05,Blouse,6,5,5,2022,3,18,2,0,0,0,4.0,9.0,5.0,5.0,8.571428571428571,2.9358214555806335,11.166666666666666,4.549219965977747
2022-05-06,Blouse,13,6,5,2022,4,18,2,0,0,0,6.0,6.0,14.0,9.0,8.142857142857142,3.0783421635988493,11.2,4.505934783800367
2022-05-07,Blouse,9,7,5,2022,5,18,2,1,0,0,13.0,8.0,17.0,19.0,9.142857142857142,3.387652649872836,11.333333333333334,4.4977644510880355
2022-05-08,Blouse,5,8,5,2022,6,18,2,1,0,0,9.0,13.0,15.0,10.0,9.285714285714286,3.352326839390099,11.0,4.275027727274469
2022-05-09,Blouse,6,9,5,2022,0,19,2,0,0,0,5.0,10.0,8.0,10.0,8.142857142857142,3.236694374850743,10.833333333333334,4.410671489524667
2022-05-10,Blouse,12,10,5,2022,1,19,2,0,0,0,6.0,10.0,9.0,10.0,7.571428571428571,3.2071349029490865,10.7,4.496358680011009
2022-05-11,Blouse,13,11,5,2022,2,19,2,0,0,0,12.0,4.0,15.0,13.0,7.857142857142857,3.5321651258386035,10.766666666666667,4.500446976524192
2022-05-12,Blouse,10,12,5,2022,3,19,2,0,0,0,13.0,6.0,9.0,4.0,9.142857142857142,3.532165125838605,10.766666666666667,4.500446976524192
2022-05-13,Blouse,8,13,5,2022,4,19,2,0,0,0,10.0,13.0,6.0,6.0,9.714285714285714,3.2513733362117225,10.966666666666667,4.319030329658006
2022-05-14,Blouse,13,14,5,2022,5,19,2,1,0,0,8.0,9.0,8.0,13.0,9.0,2.9439202887759444,11.033333333333333,4.254679641356645
2022-05-15,Blouse,5,15,5,2022,6,19,2,1,0,0,13.0,5.0,13.0,17.0,9.571428571428571,3.3094381626464826,11.033333333333333,4.254679641356645
2022-05-16,Blouse,5,16,5,2022,0,20,2,0,0,0,5.0,6.0,10.0,9.0,9.571428571428571,3.3094381626464826,10.633333333333333,4.238439313720554
2022-05-17,Blouse,3,17,5,2022,1,20,2,0,0,0,5.0,12.0,10.0,17.0,9.428571428571429,3.505098327538653,10.5,4.352961734505482
2022-05-18,Blouse,8,18,5,2022,2,20,2,0,0,0,3.0,13.0,4.0,19.0,8.142857142857142,4.017817460121492,10.033333333333333,4.38243620905505
2022-05-19,Blouse,13,19,5,2022,3,20,2,0,0,0,8.0,10.0,6.0,18.0,7.428571428571429,3.4086724129853816,9.666666666666666,4.054230088339268
2022-05-20,Blouse,11,20,5,2022,4,20,2,0,0,0,13.0,8.0,13.0,13.0,7.857142857142857,3.933978962347212,9.5,3.794278814760185
2022-05-21,Blouse,7,21,5,2022,5,20,2,1,0,0,11.0,13.0,9.0,5.0,8.285714285714286,4.111540089159034,9.433333333333334,3.7479496310358327
2022-05-22,Blouse,5,22,5,2022,6,20,2,1,0,0,7.0,5.0,5.0,14.0,7.428571428571429,3.552329886011093,9.5,3.683607676889791
2022-05-23,Blouse,7,23,5,2022,0,21,2,0,0,0,5.0,5.0,6.0,17.0,7.428571428571429,3.552329886011093,9.2,3.67094838821871
2022-05-24,Blouse,6,24,5,2022,1,21,2,0,0,0,7.0,3.0,12.0,15.0,7.714285714285714,3.4016802570830404,8.866666666666667,3.3808113016658146
2022-05-25,Blouse,13,25,5,2022,2,21,2,0,0,0,6.0,8.0,13.0,8.0,8.142857142857142,2.8535691936340206,8.566666666666666,3.212940787774833
2022-05-26,Blouse,7,26,5,2022,3,21,2,0,0,0,13.0,13.0,10.0,9.0,8.857142857142858,3.3876526498728365,8.733333333333333,3.3107279471786746
2022-05-27,Blouse,8,27,5,2022,4,21,2,0,0,0,7.0,11.0,8.0,15.0,8.0,2.886751345948124,8.666666666666666,3.325277622149443
2022-05-28,Blouse,6,28,5,2022,5,21,2,1,0,0,8.0,7.0,13.0,9.0,7.571428571428571,2.5727509827123938,8.433333333333334,3.103761159195948
2022-05-29,Blouse,7,29,5,2022,6,21,2,1,0,0,6.0,5.0,5.0,6.0,7.428571428571429,2.6367367999823044,8.333333333333334,3.133064307355186
2022-05-30,Blouse,7,30,5,2022,0,22,2,0,0,0,7.0,7.0,5.0,8.0,7.714285714285714,2.4299715851758177,8.366666666666667,3.11263646241036
2022-05-31,Blouse,8,31,5,2022,1,22,2,0,0,1,7.0,6.0,3.0,13.0,7.714285714285714,2.4299715851758177,8.333333333333334,3.1220388269177004
2022-06-01,Blouse,6,1,6,2022,2,22,2,0,1,0,8.0,13.0,8.0,10.0,8.0,2.3094010767584967,8.166666666666666,2.995206898999823
2022-06-02,Blouse,8,2,6,2022,3,22,2,0,0,0,6.0,7.0,13.0,10.0,7.0,0.8164965809277059,8.033333333333333,2.9998084230018236
2022-06-03,Blouse,4,3,6,2022,4,22,2,0,0,0,8.0,8.0,11.0,4.0,7.142857142857143,0.8997354108424194,7.966666666666667,2.976729672010868
2022-06-04,Blouse,4,4,6,2022,5,22,2,1,0,0,4.0,6.0,7.0,6.0,6.571428571428571,1.3972762620115315,7.966666666666667,2.976729672010868
2022-06-05,Blouse,3,5,6,2022,6,22,2,1,0,0,4.0,7.0,5.0,13.0,6.285714285714286,1.704336206492683,7.9,3.0439312149553177
2022-06-06,Blouse,5,6,6,2022,0,23,2,0,0,0,3.0,7.0,7.0,9.0,5.714285714285714,2.058663459163542,7.566666666666666,3.0135708379599024
2022-06-07,Blouse,4,7,6,2022,1,23,2,0,0,0,5.0,8.0,6.0,5.0,5.428571428571429,1.988059594776,7.433333333333334,3.03636958058223
2022-06-08,Blouse,8,8,6,2022,2,23,2,0,0,0,4.0,6.0,13.0,6.0,4.857142857142857,1.6761634196950395,7.4,3.0693141994869904
2022-06-09,Blouse,5,9,6,2022,3,23,2,0,0,0,8.0,8.0,7.0,12.0,5.142857142857143,2.03540097839642,7.466666666666667,3.0595619850282385
2022-06-10,Blouse,2,10,6,2022,4,23,2,0,0,0,5.0,4.0,8.0,13.0,4.714285714285714,1.6035674514745337,7.233333333333333,2.9674479146965385
2022-06-11,Blouse,8,11,6,2022,5,23,2,1,0,0,2.0,4.0,6.0,10.0,4.428571428571429,1.9023794624226726,6.866666666666666,2.909358660614399
2022-06-12,Blouse,5,12,6,2022,6,23,2,1,0,0,8.0,3.0,7.0,8.0,5.0,2.3094010767584945,6.8,2.857536918638037
2022-06-13,Blouse,9,13,6,2022,0,24,2,0,0,0,5.0,5.0,7.0,13.0,5.285714285714286,2.1380899352993863,6.7,2.866573107267701
2022-06-14,Blouse,8,14,6,2022,1,24,2,0,0,0,9.0,4.0,8.0,5.0,5.857142857142857,2.5448360411214,6.566666666666666,2.6481396636433243
2022-06-15,Blouse,6,15,6,2022,2,24,2,0,0,0,8.0,8.0,6.0,5.0,6.428571428571429,2.507132682112028,6.666666666666667,2.643578209005078
2022-06-16,Blouse,7,16,6,2022,3,24,2,0,0,0,6.0,5.0,8.0,3.0,6.142857142857143,2.410295378065472,6.7,2.6280975156421036
2022-06-17,Blouse,2,17,6,2022,4,24,2,0,0,0,7.0,2.0,4.0,8.0,6.428571428571429,2.3704530408864013,6.833333333333333,2.533681161844385
2022-06-18,Blouse,4,18,6,2022,5,24,2,1,0,0,2.0,8.0,4.0,13.0,6.428571428571429,2.3704530408864013,6.633333333333334,2.6714755490543913
2022-06-19,Blouse,7,19,6,2022,6,24,2,1,0,0,4.0,5.0,3.0,11.0,5.857142857142857,2.4102953780654714,6.333333333333333,2.4259137394525037
2022-06-20,Blouse,4,20,6,2022,0,25,2,0,0,0,7.0,9.0,5.0,7.0,6.142857142857143,2.410295378065472,6.2,2.265178686717382
2022-06-21,Blouse,7,21,6,2022,1,25,2,0,0,0,4.0,8.0,4.0,5.0,5.428571428571429,2.149196970742231,6.1,2.294671488771187
2022-06-22,Blouse,7,22,6,2022,2,25,2,0,0,0,7.0,6.0,8.0,7.0,5.285714285714286,1.9760470401186976,6.166666666666667,2.2906606987464717
2022-06-23,Blouse,4,23,6,2022,3,25,2,0,0,0,7.0,7.0,5.0,6.0,5.428571428571429,2.0701966780270538,6.166666666666667,2.2906606987464717
2022-06-24,Blouse,2,24,6,2022,4,25,2,0,0,0,4.0,2.0,2.0,13.0,5.0,1.9999999999999898,6.1,2.3245318401480617
2022-06-25,Blouse,3,25,6,2022,5,25,2,1,0,0,2.0,4.0,8.0,7.0,5.0,1.9999999999999898,5.733333333333333,2.0499509385775023
2022-06-26,Blouse,1,26,6,2022,6,25,2,1,0,0,3.0,7.0,5.0,8.0,4.857142857142857,2.1157009420498056,5.6,2.094327313614516
2022-06-27,Blouse,5,27,6,2022,0,26,2,0,0,0,1.0,4.0,9.0,6.0,4.0,2.3094010767584936,5.366666666666666,2.204749314600179
2022-06-28,Blouse,4,28,6,2022,1,26,2,0,0,0,5.0,7.0,8.0,7.0,4.142857142857143,2.3401261667248696,5.333333333333333,2.202402032473579
2022-06-29,Blouse,2,29,6,2022,2,26,2,0,0,0,4.0,7.0,6.0,7.0,3.7142857142857144,1.9760470401186958,5.233333333333333,2.1922014338187212
2022-05-02,Bottom,9,2,5,2022,0,18,2,0,0,0,3.0,5.0,6.0,1.0,4.857142857142857,2.8535691936340175,5.0,2.6781362536479594
2022-05-03,Bottom,2,3,5,2022,1,18,2,0,0,0,9.0,8.0,6.0,2.0,5.428571428571429,3.2586880211286844,5.266666666666667,2.6643668243529683
2022-05-04,Bottom,3,4,5,2022,2,18,2,0,0,0,2.0,9.0,8.0,1.0,4.571428571428571,3.258688021128683,5.266666666666667,2.6643668243529683
2022-05-05,Bottom,1,5,5,2022,3,18,2,0,0,0,3.0,3.0,4.0,3.0,3.7142857142857144,2.6276913640612074,5.333333333333333,2.5775333481682865
2022-05-08,Bottom,5,8,5,2022,6,18,2,1,0,0,1.0,5.0,9.0,7.0,3.4285714285714284,2.8199966227605473,5.266666666666667,2.6643668243529683
2022-05-09,Bottom,2,9,5,2022,0,19,2,0,0,0,5.0,1.0,11.0,4.0,3.4285714285714284,2.8199966227605473,5.2,2.644447664121175
2022-05-10,Bottom,4,10,5,2022,1,19,2,0,0,0,2.0,3.0,6.0,8.0,3.5714285714285716,2.699206232527301,5.133333333333334,2.700361831864127
2022-05-11,Bottom,1,11,5,2022,2,19,2,0,0,0,4.0,9.0,5.0,6.0,3.7142857142857144,2.6903708365381864,5.0,2.652259934210968
2022-05-12,Bottom,1,12,5,2022,3,19,2,0,0,0,1.0,2.0,8.0,5.0,2.5714285714285716,1.5118578920368861,4.833333333333333,2.7428066839912737
2022-05-13,Bottom,5,13,5,2022,4,19,2,0,0,0,1.0,3.0,9.0,6.0,2.4285714285714284,1.6183471874253526,4.7,2.8302552583797613
2022-05-14,Bottom,7,14,5,2022,5,19,2,1,0,0,5.0,1.0,3.0,4.0,2.7142857142857144,1.8898223650461183,4.666666666666667,2.820287749238689
2022-05-15,Bottom,4,15,5,2022,6,19,2,1,0,0,7.0,5.0,5.0,2.0,3.5714285714285716,2.2990681342044277,4.766666666666667,2.848875559588918
2022-05-16,Bottom,4,16,5,2022,0,20,2,0,0,0,4.0,2.0,1.0,2.0,3.4285714285714284,2.2253945610567336,4.833333333333333,2.804962761241957
2022-05-17,Bottom,3,17,5,2022,1,20,2,0,0,0,4.0,4.0,3.0,2.0,3.7142857142857144,2.138089935299382,4.9,2.758685344069941
2022-05-19,Bottom,5,19,5,2022,3,20,2,0,0,0,3.0,1.0,9.0,6.0,3.5714285714285716,2.149196970742226,4.933333333333334,2.728310495695023
2022-05-20,Bottom,9,20,5,2022,4,20,2,0,0,0,5.0,1.0,2.0,7.0,4.142857142857143,1.864454471471595,4.9,2.7209278336372966
2022-05-21,Bottom,4,21,5,2022,5,20,2,1,0,0,9.0,5.0,3.0,6.0,5.285714285714286,2.058663459163542,4.966666666666667,2.7975769482910167
2022-05-22,Bottom,2,22,5,2022,6,20,2,1,0,0,4.0,7.0,1.0,6.0,5.142857142857143,2.115700942049806,4.9,2.795933006942482
2022-05-23,Bottom,7,23,5,2022,0,21,2,0,0,0,2.0,4.0,5.0,8.0,4.428571428571429,2.2253945610567363,4.766666666666667,2.836745747644948
2022-05-24,Bottom,5,24,5,2022,1,21,2,0,0,0,7.0,4.0,2.0,4.0,4.857142857142857,2.41029537806547,4.733333333333333,2.8031181324317926
2022-05-25,Bottom,6,25,5,2022,2,21,2,0,0,0,5.0,3.0,4.0,9.0,5.0,2.380476142847608,4.766666666666667,2.8000410506022146
2022-05-26,Bottom,4,26,5,2022,3,21,2,0,0,0,6.0,5.0,1.0,11.0,5.428571428571429,2.2253945610567394,4.666666666666667,2.6952491194863675
2022-05-27,Bottom,2,27,5,2022,4,21,2,0,0,0,4.0,9.0,1.0,6.0,5.285714285714286,2.288688541085309,4.433333333333334,2.416656757807686
2022-05-28,Bottom,3,28,5,2022,5,21,2,1,0,0,2.0,4.0,5.0,5.0,4.285714285714286,1.8898223650461223,4.3,2.4374944739106414
2022-05-29,Bottom,1,29,5,2022,6,21,2,1,0,0,3.0,2.0,7.0,8.0,4.142857142857143,1.9518001458970526,4.233333333333333,2.4450277952490267
2022-05-30,Bottom,3,30,5,2022,0,22,2,0,0,0,1.0,7.0,4.0,9.0,4.0,2.160246899469274,4.0,2.40688667125728
2022-05-31,Bottom,1,31,5,2022,1,22,2,0,0,1,3.0,5.0,4.0,3.0,3.4285714285714284,1.7182493859684302,3.8,2.2190398669322215
2022-06-01,Bottom,2,1,6,2022,2,22,2,0,1,0,1.0,6.0,3.0,5.0,2.857142857142857,1.7728105208558158,3.7333333333333334,2.2732831086237617
2022-06-02,Bottom,2,2,6,2022,3,22,2,0,0,0,2.0,4.0,5.0,1.0,2.2857142857142856,1.1126972805283362,3.6333333333333333,2.2816106430407608
2022-06-03,Bottom,1,3,6,2022,4,22,2,0,0,0,2.0,2.0,9.0,3.0,2.0,0.8164965809276721,3.6666666666666665,2.248882225544038
2022-06-04,Bottom,1,4,6,2022,5,22,2,1,0,0,1.0,3.0,4.0,9.0,1.8571428571428572,0.8997354108423871,3.6,2.298425248009982
2022-06-05,Bottom,1,5,6,2022,6,22,2,1,0,0,1.0,1.0,2.0,2.0,1.5714285714285714,0.7867957924693826,3.3333333333333335,2.1063669217863006
2022-06-07,Bottom,1,7,6,2022,1,23,2,0,0,0,1.0,3.0,7.0,3.0,1.5714285714285714,0.7867957924693826,3.3,2.1359000364055745
2022-06-08,Bottom,4,8,6,2022,2,23,2,0,0,0,1.0,1.0,5.0,1.0,1.2857142857142858,0.48795003647416385,3.2333333333333334,2.176414852273228
2022-06-09,Bottom,1,9,6,2022,3,23,2,0,0,0,4.0,2.0,6.0,5.0,1.7142857142857142,1.1126972805283317,3.3333333333333335,2.1388577894937884
2022-06-10,Bottom,2,10,6,2022,4,23,2,0,0,0,1.0,2.0,4.0,2.0,1.5714285714285714,1.1338934190276395,3.2,2.1559860533104245
2022-06-11,Bottom,4,11,6,2022,5,23,2,1,0,0,2.0,1.0,2.0,4.0,1.5714285714285714,1.1338934190276395,3.2,2.1559860533104245
2022-06-12,Bottom,2,12,6,2022,6,23,2,1,0,0,4.0,1.0,3.0,1.0,2.0,1.4142135623730638,3.2,2.1559860533104245
2022-06-13,Bottom,2,13,6,2022,0,24,2,0,0,0,2.0,1.0,1.0,1.0,2.142857142857143,1.3451854182690666,3.2333333333333334,2.128352662852507
2022-06-14,Bottom,1,14,6,2022,1,24,2,0,0,0,2.0,1.0,3.0,5.0,2.2857142857142856,1.2535663410559843,3.2666666666666666,2.0998084203800462
2022-06-15,Bottom,2,15,6,2022,2,24,2,0,0,0,1.0,4.0,1.0,7.0,2.2857142857142856,1.2535663410559843,3.1333333333333333,2.1129050655654287
2022-06-16,Bottom,4,16,6,2022,3,24,2,0,0,0,2.0,1.0,2.0,4.0,2.0,0.999999999999956,2.966666666666667,1.9910720268468567
2022-06-17,Bottom,4,17,6,2022,4,24,2,0,0,0,4.0,2.0,2.0,4.0,2.4285714285714284,1.1338934190276462,2.966666666666667,1.9910720268468567
2022-06-18,Bottom,5,18,6,2022,5,24,2,1,0,0,4.0,4.0,1.0,3.0,2.7142857142857144,1.2535663410559872,2.966666666666667,1.9910720268468567
2022-06-19,Bottom,3,19,6,2022,6,24,2,1,0,0,5.0,2.0,1.0,5.0,2.857142857142857,1.4638501094227747,3.033333333333333,2.025413254270547
2022-06-20,Bottom,4,20,6,2022,0,25,2,0,0,0,3.0,2.0,1.0,9.0,3.0,1.41421356237307,2.966666666666667,1.9910720268468567
2022-06-21,Bottom,6,21,6,2022,1,25,2,0,0,0,4.0,1.0,1.0,4.0,3.2857142857142856,1.3801311186846847,2.8,1.6484057083468384
2022-06-22,Bottom,4,22,6,2022,2,25,2,0,0,0,6.0,2.0,4.0,2.0,4.0,1.290994448735785,2.8666666666666667,1.7366899418212467
2022-06-23,Bottom,4,23,6,2022,3,25,2,0,0,0,4.0,4.0,1.0,7.0,4.285714285714286,0.9511897312113166,2.933333333333333,1.7406565018611113
2022-06-24,Bottom,3,24,6,2022,4,25,2,0,0,0,4.0,4.0,2.0,5.0,4.285714285714286,0.9511897312113166,2.8333333333333335,1.5774998406106207
2022-06-25,Bottom,3,25,6,2022,5,25,2,1,0,0,3.0,5.0,4.0,6.0,4.142857142857143,1.0690449676496738,2.7666666666666666,1.5241353305225962
2022-06-26,Bottom,5,26,6,2022,6,25,2,1,0,0,3.0,3.0,2.0,4.0,3.857142857142857,1.0690449676496714,2.6666666666666665,1.397863723152527
2022-06-27,Bottom,1,27,6,2022,0,26,2,0,0,0,5.0,4.0,2.0,2.0,4.142857142857143,1.0690449676496738,2.7,1.4419813954513017
2022-06-28,Bottom,2,28,6,2022,1,26,2,0,0,0,1.0,6.0,1.0,3.0,3.7142857142857144,1.6035674514745282,2.6666666666666665,1.4700066463217036
2022-05-01,Ethnic Dress,4,1,5,2022,6,17,2,1,1,0,8.0,11.0,6.0,6.0,7.142857142857143,3.132015933791495,8.866666666666667,3.626847527606558
2022-05-02,Ethnic Dress,12,2,5,2022,0,18,2,0,0,0,4.0,4.0,5.0,4.0,6.142857142857143,2.7945525240230844,8.8,3.6990213057901835
2022-05-03,Ethnic Dress,16,3,5,2022,1,18,2,0,0,0,12.0,6.0,8.0,5.0,7.285714285714286,3.3523268393901033,9.066666666666666,3.6287485572789526
2022-05-04,Ethnic Dress,9,4,5,2022,2,18,2,0,0,0,16.0,3.0,14.0,10.0,8.714285714285714,4.60848079502294,9.433333333333334,3.757138798876486
2022-05-05,Ethnic Dress,10,5,5,2022,3,18,2,0,0,0,9.0,7.0,15.0,8.0,9.571428571428571,3.8668308667927276,9.4,3.756373893475763
2022-05-06,Ethnic Dress,13,6,5,2022,4,18,2,0,0,0,10.0,11.0,4.0,10.0,10.0,3.6968455021364797,9.466666666666667,3.7484096244465777
2022-05-07,Ethnic Dress,12,7,5,2022,5,18,2,1,0,0,13.0,8.0,11.0,8.0,10.285714285714286,3.860668582611302,9.566666666666666,3.8027515748770577
2022-05-08,Ethnic Dress,12,8,5,2022,6,18,2,1,0,0,12.0,4.0,11.0,8.0,10.857142857142858,3.760699023168061,9.7,3.816027904184834
2022-05-09,Ethnic Dress,11,9,5,2022,0,19,2,0,0,0,12.0,12.0,4.0,13.0,12.0,2.236067977499808,9.833333333333334,3.8244524812852956
2022-05-10,Ethnic Dress,14,10,5,2022,1,19,2,0,0,0,11.0,16.0,6.0,13.0,11.857142857142858,2.2677868380553807,9.766666666666667,3.784572433676912
2022-05-11,Ethnic Dress,11,11,5,2022,2,19,2,0,0,0,14.0,9.0,3.0,12.0,11.571428571428571,1.7182493859684713,9.8,3.8182863099599595
2022-05-12,Ethnic Dress,7,12,5,2022,3,19,2,0,0,0,11.0,10.0,7.0,16.0,11.857142857142858,1.3451854182691285,9.766666666666667,3.8027515748770577
2022-05-13,Ethnic Dress,12,13,5,2022,4,19,2,0,0,0,7.0,13.0,11.0,14.0,11.428571428571429,2.2253945610567634,9.466666666666667,3.6458132183353222
2022-05-14,Ethnic Dress,12,14,5,2022,5,19,2,1,0,0,12.0,12.0,8.0,11.0,11.285714285714286,2.1380899352994116,9.4,3.5777087639996714
2022-05-15,Ethnic Dress,11,15,5,2022,6,19,2,1,0,0,12.0,12.0,4.0,9.0,11.285714285714286,2.1380899352994116,9.433333333333334,3.5977323637146217
2022-05-16,Ethnic Dress,14,16,5,2022,0,20,2,0,0,0,11.0,11.0,12.0,6.0,11.142857142857142,2.115700942049831,9.5,3.6079414323559083
2022-05-17,Ethnic Dress,15,17,5,2022,1,20,2,0,0,0,14.0,14.0,16.0,6.0,11.571428571428571,2.370453040886424,9.766666666666667,3.6358685660905175
2022-05-18,Ethnic Dress,7,18,5,2022,2,20,2,0,0,0,15.0,11.0,9.0,5.0,11.714285714285714,2.563479777846638,10.066666666666666,3.6853234858560726
2022-05-19,Ethnic Dress,10,19,5,2022,3,20,2,0,0,0,7.0,7.0,10.0,8.0,11.142857142857142,3.132015933791506,10.133333333333333,3.607782137826929
2022-05-20,Ethnic Dress,5,20,5,2022,4,20,2,0,0,0,10.0,12.0,13.0,14.0,11.571428571428571,2.6367367999823244,10.2,3.5854110522774314
2022-05-21,Ethnic Dress,12,21,5,2022,5,20,2,1,0,0,5.0,12.0,12.0,15.0,10.571428571428571,3.5989416433697574,9.9,3.632705840573661
2022-05-22,Ethnic Dress,12,22,5,2022,6,20,2,1,0,0,12.0,11.0,12.0,4.0,10.571428571428571,3.5989416433697574,9.8,3.5272339460751514
2022-05-23,Ethnic Dress,10,23,5,2022,0,21,2,0,0,0,12.0,14.0,11.0,11.0,10.714285714285714,3.6384193323605922,10.066666666666666,3.3726417900035304
2022-05-24,Ethnic Dress,13,24,5,2022,1,21,2,0,0,0,10.0,15.0,14.0,11.0,10.142857142857142,3.3380918415851277,10.033333333333333,3.3680377315166163
2022-05-25,Ethnic Dress,7,25,5,2022,2,21,2,0,0,0,13.0,7.0,11.0,4.0,9.857142857142858,2.9113897843110115,10.1,3.407395607731257
2022-05-26,Ethnic Dress,12,26,5,2022,3,21,2,0,0,0,7.0,10.0,7.0,6.0,9.857142857142858,2.9113897843110115,10.2,3.263169603632184
2022-05-27,Ethnic Dress,9,27,5,2022,4,21,2,0,0,0,12.0,5.0,12.0,3.0,10.142857142857142,3.0237157840738256,10.4,3.17967684326352
2022-05-28,Ethnic Dress,13,28,5,2022,5,21,2,1,0,0,9.0,12.0,12.0,7.0,10.714285714285714,2.138089935299409,10.6,2.8719811736968306
2022-05-29,Ethnic Dress,9,29,5,2022,6,21,2,1,0,0,13.0,12.0,11.0,11.0,10.857142857142858,2.2677868380553767,10.8,2.8211027435482086
2022-05-30,Ethnic Dress,11,30,5,2022,0,22,2,0,0,0,9.0,10.0,14.0,8.0,10.428571428571429,2.2990681342044517,10.733333333333333,2.839783057927491
2022-05-31,Ethnic Dress,20,31,5,2022,1,22,2,0,0,1,11.0,13.0,15.0,4.0,10.571428571428571,2.299068134204452,10.833333333333334,2.7926422210359676
2022-06-01,Ethnic Dress,25,1,6,2022,2,22,2,0,1,0,20.0,7.0,7.0,12.0,11.571428571428571,4.237025012007957,11.366666666666667,2.9651229355607778
2022-06-02,Ethnic Dress,14,2,6,2022,3,22,2,0,0,0,25.0,12.0,10.0,16.0,14.142857142857142,6.067085281214031,11.8,3.872092902846718
2022-06-03,Ethnic Dress,5,3,6,2022,4,22,2,0,0,0,14.0,9.0,5.0,9.0,14.428571428571429,5.99603043290985,11.733333333333333,3.8140695374863935
2022-06-04,Ethnic Dress,9,4,6,2022,5,22,2,1,0,0,5.0,13.0,12.0,10.0,13.857142857142858,6.7436036713459515,11.6,3.9792565585321023
2022-06-05,Ethnic Dress,17,5,6,2022,6,22,2,1,0,0,9.0,9.0,12.0,13.0,13.285714285714286,6.993193970194307,11.566666666666666,3.9972691827721953
2022-06-06,Ethnic Dress,7,6,6,2022,0,23,2,0,0,0,17.0,11.0,10.0,12.0,14.428571428571429,6.827814263660645,11.7,4.111799673102302
2022-06-07,Ethnic Dress,10,7,6,2022,1,23,2,0,0,0,7.0,20.0,13.0,12.0,13.857142857142858,7.31274165249878,11.533333333333333,4.199616840760055
2022-06-08,Ethnic Dress,9,8,6,2022,2,23,2,0,0,0,10.0,25.0,7.0,11.0,12.428571428571429,6.876460883747859,11.466666666666667,4.207819759262134
2022-06-09,Ethnic Dress,12,9,6,2022,3,23,2,0,0,0,9.0,14.0,12.0,14.0,10.142857142857142,4.0999419275794455,11.4,4.231246657412226
2022-06-10,Ethnic Dress,7,10,6,2022,4,23,2,0,0,0,12.0,5.0,9.0,11.0,9.857142857142858,3.8483144114695014,11.333333333333334,4.204540512296236
2022-06-11,Ethnic Dress,19,11,6,2022,5,23,2,1,0,0,7.0,9.0,13.0,7.0,10.142857142857142,3.484660262185855,11.2,4.2782529466900545
2022-06-12,Ethnic Dress,10,12,6,2022,6,23,2,1,0,0,19.0,17.0,9.0,12.0,11.571428571428571,4.7559486560567175,11.6,4.430303173248601
2022-06-13,Ethnic Dress,12,13,6,2022,0,24,2,0,0,0,10.0,7.0,11.0,12.0,10.571428571428571,4.117326918327109,11.533333333333333,4.439115579305955
2022-06-14,Ethnic Dress,15,14,6,2022,1,24,2,0,0,0,12.0,10.0,20.0,11.0,11.285714285714286,3.8172540616821196,11.533333333333333,4.439115579305955
2022-06-15,Ethnic Dress,5,15,6,2022,2,24,2,0,0,0,15.0,9.0,25.0,14.0,12.0,4.00000000000001,11.666666666666666,4.482404937417923
2022-06-16,Ethnic Dress,7,16,6,2022,3,24,2,0,0,0,5.0,12.0,14.0,15.0,11.428571428571429,4.720774754816667,11.366666666666667,4.619921878226905
2022-06-17,Ethnic Dress,9,17,6,2022,4,24,2,0,0,0,7.0,7.0,5.0,7.0,10.714285714285714,4.990467102863415,11.1,4.6338335957502315
2022-06-18,Ethnic Dress,6,18,6,2022,5,24,2,1,0,0,9.0,19.0,9.0,10.0,11.0,4.795831523312727,11.166666666666666,4.586963035065526
2022-06-19,Ethnic Dress,9,19,6,2022,6,24,2,1,0,0,6.0,10.0,17.0,5.0,9.142857142857142,3.5321651258386155,11.033333333333333,4.679252322631325
2022-06-20,Ethnic Dress,12,20,6,2022,0,25,2,0,0,0,9.0,12.0,7.0,12.0,9.0,3.5118845842842523,11.166666666666666,4.556793589366543
2022-06-21,Ethnic Dress,9,21,6,2022,1,25,2,0,0,0,12.0,15.0,10.0,12.0,9.0,3.5118845842842523,11.166666666666666,4.556793589366543
2022-06-22,Ethnic Dress,11,22,6,2022,2,25,2,0,0,0,9.0,5.0,9.0,10.0,8.142857142857142,2.3401261667248856,11.066666666666666,4.570771709786935
2022-06-23,Ethnic Dress,6,23,6,2022,3,25,2,0,0,0,11.0,7.0,12.0,13.0,9.0,2.081665999466143,11.1,4.566368813174327
2022-06-24,Ethnic Dress,2,24,6,2022,4,25,2,0,0,0,6.0,9.0,7.0,7.0,8.857142857142858,2.2677868380553723,10.866666666666667,4.644116287514137
2022-06-25,Ethnic Dress,4,25,6,2022,5,25,2,1,0,0,2.0,6.0,19.0,12.0,7.857142857142857,3.4364987719369027,10.7,4.871804876903503
2022-06-26,Ethnic Dress,5,26,6,2022,6,25,2,1,0,0,4.0,9.0,10.0,9.0,7.571428571428571,3.6903993847614447,10.433333333333334,5.015034866543178
2022-06-27,Ethnic Dress,2,27,6,2022,0,26,2,0,0,0,5.0,12.0,12.0,13.0,7.0,3.7416573867739444,10.3,5.106790611022509
2022-06-28,Ethnic Dress,5,28,6,2022,1,26,2,0,0,0,2.0,9.0,15.0,9.0,5.571428571428571,3.4086724129853883,9.933333333333334,5.297581317553513
2022-06-29,Ethnic Dress,1,29,6,2022,2,26,2,0,0,0,5.0,11.0,5.0,11.0,5.0,3.055050463303894,9.8,5.371701072639203
2022-05-13,Saree,1,13,5,2022,4,19,2,0,0,0,2.0,5.0,1.0,1.0,2.0,1.414213562373085,2.3666666666666667,1.6709141279516675
2022-05-16,Saree,1,16,5,2022,0,20,2,0,0,0,1.0,1.0,7.0,6.0,1.4285714285714286,0.5345224838248153,2.3666666666666667,1.6709141279516675
2022-05-18,Saree,1,18,5,2022,2,20,2,0,0,0,1.0,2.0,2.0,1.0,1.4285714285714286,0.5345224838248153,2.2,1.5402641958779093
2022-05-19,Saree,2,19,5,2022,3,20,2,0,0,0,1.0,1.0,2.0,3.0,1.2857142857142858,0.4879500364742281,2.2,1.5402641958779093
2022-05-20,Saree,2,20,5,2022,4,20,2,0,0,0,2.0,1.0,1.0,3.0,1.4285714285714286,0.5345224838248153,2.1666666666666665,1.5331584108120244
2022-05-21,Saree,1,21,5,2022,5,20,2,1,0,0,2.0,2.0,3.0,2.0,1.5714285714285714,0.5345224838248169,2.1333333333333333,1.525266134682459
2022-05-23,Saree,1,23,5,2022,0,21,2,0,0,0,1.0,2.0,3.0,1.0,1.4285714285714286,0.5345224838248153,2.1,1.5391444107819618
2022-05-24,Saree,1,24,5,2022,1,21,2,0,0,0,1.0,1.0,5.0,1.0,1.2857142857142858,0.4879500364742281,2.1,1.5391444107819618
2022-05-25,Saree,2,25,5,2022,2,21,2,0,0,0,1.0,1.0,1.0,2.0,1.2857142857142858,0.4879500364742281,2.1,1.5391444107819618
2022-05-26,Saree,1,26,5,2022,3,21,2,0,0,0,2.0,1.0,2.0,1.0,1.4285714285714286,0.5345224838248153,2.1,1.5391444107819618
2022-05-27,Saree,1,27,5,2022,4,21,2,0,0,0,1.0,2.0,1.0,4.0,1.4285714285714286,0.5345224838248153,2.1,1.5391444107819618
2022-05-28,Saree,3,28,5,2022,5,21,2,1,0,0,1.0,2.0,1.0,2.0,1.2857142857142858,0.4879500364742281,2.0,1.5085960589122225
2022-05-29,Saree,2,29,5,2022,6,21,2,1,0,0,3.0,1.0,2.0,2.0,1.4285714285714286,0.7867957924694203,2.033333333333333,1.5196036990935575
2022-05-31,Saree,1,31,5,2022,1,22,2,0,0,1,2.0,1.0,2.0,2.0,1.5714285714285714,0.7867957924694216,2.033333333333333,1.5196036990935575
2022-06-01,Saree,2,1,6,2022,2,22,2,0,1,0,1.0,1.0,1.0,6.0,1.5714285714285714,0.7867957924694216,2.0,1.531282986977544
2022-06-02,Saree,2,2,6,2022,3,22,2,0,0,0,2.0,2.0,1.0,1.0,1.7142857142857142,0.7559289460184332,1.8666666666666667,1.3321834121764662
2022-06-04,Saree,2,4,6,2022,5,22,2,1,0,0,2.0,1.0,1.0,1.0,1.7142857142857142,0.7559289460184332,1.9,1.3222238320605697
2022-06-05,Saree,2,5,6,2022,6,22,2,1,0,0,2.0,1.0,2.0,7.0,1.8571428571428572,0.6900655593423322,1.9333333333333333,1.3113124074319704
2022-06-09,Saree,1,9,6,2022,3,23,2,0,0,0,2.0,3.0,2.0,2.0,2.0,0.5773502691896011,1.7666666666666666,0.897634182970297
2022-06-11,Saree,2,11,6,2022,5,23,2,1,0,0,1.0,2.0,1.0,2.0,1.7142857142857142,0.4879500364742335,1.7333333333333334,0.90718713931972
2022-06-12,Saree,1,12,6,2022,6,23,2,1,0,0,2.0,1.0,1.0,1.0,1.7142857142857142,0.4879500364742335,1.7333333333333334,0.90718713931972
2022-06-13,Saree,2,13,6,2022,0,24,2,0,0,0,1.0,2.0,1.0,3.0,1.7142857142857142,0.4879500364742335,1.7333333333333334,0.90718713931972
2022-06-14,Saree,1,14,6,2022,1,24,2,0,0,0,2.0,2.0,2.0,3.0,1.7142857142857142,0.4879500364742335,1.7,0.8769067893689441
2022-06-15,Saree,2,15,6,2022,2,24,2,0,0,0,1.0,2.0,1.0,5.0,1.5714285714285714,0.5345224838248168,1.6333333333333333,0.8502873077654965
2022-06-17,Saree,1,17,6,2022,4,24,2,0,0,0,2.0,2.0,1.0,1.0,1.5714285714285714,0.5345224838248168,1.5333333333333334,0.5713464637233387
2022-06-18,Saree,1,18,6,2022,5,24,2,1,0,0,1.0,1.0,3.0,2.0,1.4285714285714286,0.5345224838248152,1.5333333333333334,0.5713464637233387
2022-06-21,Saree,1,21,6,2022,1,25,2,0,0,0,1.0,2.0,2.0,1.0,1.4285714285714286,0.5345224838248152,1.5,0.5723514714723117
2022-06-22,Saree,1,22,6,2022,2,25,2,0,0,0,1.0,1.0,1.0,1.0,1.2857142857142858,0.48795003647422786,1.5,0.5723514714723117
2022-06-23,Saree,1,23,6,2022,3,25,2,0,0,0,1.0,2.0,2.0,2.0,1.2857142857142858,0.48795003647422786,1.5,0.5723514714723117
2022-06-24,Saree,1,24,6,2022,4,25,2,0,0,0,1.0,1.0,2.0,2.0,1.1428571428571428,0.3779644730091747,1.4666666666666666,0.5713464637233383
2022-06-25,Saree,1,25,6,2022,5,25,2,1,0,0,1.0,2.0,2.0,1.0,1.1428571428571428,0.3779644730091747,1.4333333333333333,0.5683207771559075
2022-06-28,Saree,2,28,6,2022,1,26,2,0,0,0,1.0,1.0,2.0,1.0,1.0,0.0,1.4333333333333333,0.5683207771559075
2022-04-30,Set,493,30,4,2022,5,17,2,1,0,1,443.0,535.0,484.0,57.0,471.0,55.76139644353751,471.43333333333334,90.87531561709028
2022-05-01,Set,548,1,5,2022,6,17,2,1,1,0,493.0,546.0,465.0,435.0,465.0,49.652123150308036,485.96666666666664,46.18738694323057
2022-05-02,Set,613,2,5,2022,0,18,2,0,0,0,548.0,486.0,419.0,493.0,465.2857142857143,50.19865298894766,489.73333333333335,46.49429578163232
2022-05-03,Set,598,3,5,2022,1,18,2,0,0,0,613.0,470.0,486.0,574.0,483.42857142857144,75.50465138620541,493.73333333333335,51.65998473662699
2022-05-04,Set,617,4,5,2022,2,18,2,0,0,0,598.0,401.0,536.0,497.0,501.7142857142857,86.42089694380326,494.53333333333336,53.111290658412045
2022-05-05,Set,414,5,5,2022,3,18,2,0,0,0,617.0,416.0,485.0,513.0,532.5714285714286,82.95954263546633,498.53333333333336,57.630052824075875
2022-05-06,Set,478,6,5,2022,4,18,2,0,0,0,414.0,443.0,525.0,420.0,532.2857142857143,83.43003912603345,495.23333333333335,59.57474779394934
2022-05-07,Set,412,7,5,2022,5,18,2,1,0,0,478.0,493.0,535.0,451.0,537.2857142857143,78.06346624321012,497.1666666666667,57.9685309000726
2022-05-08,Set,383,8,5,2022,6,18,2,1,0,0,412.0,548.0,546.0,478.0,525.7142857142857,90.7022864204911,495.8666666666667,59.457741199155684
2022-05-09,Set,320,9,5,2022,0,19,2,0,0,0,383.0,613.0,486.0,464.0,502.14285714285717,104.35744434622876,492.7,62.873792577698666
2022-05-10,Set,288,10,5,2022,1,19,2,0,0,0,320.0,598.0,470.0,545.0,460.2857142857143,111.0295970837122,487.9,70.2092193572799
2022-05-11,Set,297,11,5,2022,2,19,2,0,0,0,288.0,617.0,401.0,502.0,416.0,108.74588114805411,479.3333333333333,78.22352293415268
2022-05-12,Set,287,12,5,2022,3,19,2,0,0,0,297.0,414.0,416.0,449.0,370.2857142857143,70.81128508393375,472.5,84.84864821226265
2022-05-13,Set,281,13,5,2022,4,19,2,0,0,0,287.0,478.0,443.0,471.0,352.14285714285717,73.9446382357069,467.1,91.30522891700251
2022-05-14,Set,300,14,5,2022,5,19,2,1,0,0,281.0,412.0,493.0,581.0,324.0,52.415010572672585,460.76666666666665,97.4108552094873
2022-05-15,Set,342,15,5,2022,6,19,2,1,0,0,300.0,383.0,548.0,516.0,308.0,35.41186241925219,451.4,98.94881992988729
2022-05-16,Set,304,16,5,2022,0,20,2,0,0,0,342.0,320.0,613.0,484.0,302.14285714285717,21.659705841559855,445.6,100.12426761538512
2022-05-17,Set,328,17,5,2022,1,20,2,0,0,0,304.0,288.0,598.0,465.0,299.85714285714283,20.260212004720866,439.6,103.09306140737525
2022-05-18,Set,346,18,5,2022,2,20,2,0,0,0,328.0,297.0,617.0,419.0,305.57142857142856,21.930626551752358,435.03333333333336,104.94677906816207
2022-05-19,Set,301,19,5,2022,3,20,2,0,0,0,346.0,287.0,414.0,486.0,312.57142857142856,26.152483265503196,432.6,106.1705199683266
2022-05-20,Set,243,20,5,2022,4,20,2,0,0,0,301.0,281.0,478.0,536.0,314.57142857142856,24.343768147497034,426.43333333333334,108.31298305766758
2022-05-21,Set,239,21,5,2022,5,20,2,1,0,0,243.0,300.0,412.0,485.0,309.14285714285717,34.987752959327096,416.6666666666667,111.26245248660186
2022-05-22,Set,322,22,5,2022,6,20,2,1,0,0,239.0,342.0,383.0,525.0,300.42857142857144,44.063806549356286,408.46666666666664,115.05313115472237
2022-05-23,Set,302,23,5,2022,0,21,2,0,0,0,322.0,304.0,320.0,535.0,297.57142857142856,41.492397467718035,401.7,113.9271243171371
2022-05-24,Set,320,24,5,2022,1,21,2,0,0,0,302.0,328.0,288.0,546.0,297.2857142857143,41.44761467086868,393.93333333333334,112.45901424544617
2022-05-25,Set,311,25,5,2022,2,21,2,0,0,0,320.0,346.0,297.0,486.0,296.14285714285717,40.5603606633731,386.4,109.45053992400021
2022-05-26,Set,278,26,5,2022,3,21,2,0,0,0,311.0,301.0,287.0,470.0,291.14285714285717,35.19199043072499,380.56666666666666,108.61945064062539
2022-05-27,Set,300,27,5,2022,4,21,2,0,0,0,278.0,243.0,281.0,401.0,287.85714285714283,35.191990430725,374.1666666666667,108.82446585127849
2022-05-28,Set,282,28,5,2022,5,21,2,1,0,0,300.0,239.0,300.0,416.0,296.0,29.160475533389032,370.8,109.52574882269647
2022-05-29,Set,313,29,5,2022,6,21,2,1,0,0,282.0,322.0,342.0,443.0,302.14285714285717,17.24749809323764,366.3333333333333,110.34814290996538
2022-05-30,Set,323,30,5,2022,0,22,2,0,0,0,313.0,302.0,304.0,493.0,300.85714285714283,15.7948153036443,362.0,109.78474236055023
2022-05-31,Set,319,31,5,2022,1,22,2,0,0,1,323.0,320.0,328.0,548.0,303.85714285714283,17.901848800507604,356.3333333333333,107.14551282970372
2022-06-01,Set,346,1,6,2022,2,22,2,0,1,0,319.0,311.0,346.0,613.0,303.7142857142857,17.75494565573605,348.7,101.00090474159457
2022-06-02,Set,335,2,6,2022,3,22,2,0,0,0,346.0,278.0,301.0,598.0,308.7142857142857,23.984121731640286,339.8,87.81068978990699
2022-06-03,Set,303,3,6,2022,4,22,2,0,0,0,335.0,300.0,243.0,617.0,316.85714285714283,21.349696105789587,331.03333333333336,73.0283286239604
2022-06-04,Set,366,4,6,2022,5,22,2,1,0,0,303.0,282.0,239.0,414.0,317.2857142857143,20.981851568394486,320.56666666666666,49.26472007104186
2022-06-05,Set,425,5,6,2022,6,22,2,1,0,0,366.0,313.0,322.0,478.0,329.2857142857143,21.45316049532415,318.96666666666664,46.84566246680664
2022-06-06,Set,410,6,6,2022,0,23,2,0,0,0,425.0,323.0,302.0,412.0,345.2857142857143,40.54920585212656,317.2,41.314103795359586
2022-06-07,Set,401,7,6,2022,1,23,2,0,0,0,410.0,319.0,320.0,383.0,357.7142857142857,45.598663305387944,317.1333333333333,41.1571700154191
2022-06-08,Set,398,8,6,2022,2,23,2,0,0,0,401.0,346.0,311.0,320.0,369.42857142857144,44.515379899750194,317.73333333333335,42.26675006337124
2022-06-09,Set,367,9,6,2022,3,23,2,0,0,0,398.0,335.0,278.0,288.0,376.85714285714283,44.292319015937274,320.3333333333333,44.73780576165723
2022-06-10,Set,326,10,6,2022,4,23,2,0,0,0,367.0,303.0,300.0,297.0,381.42857142857144,40.76296171304388,322.96666666666664,45.09261223483151
2022-06-11,Set,343,11,6,2022,5,23,2,1,0,0,326.0,366.0,282.0,287.0,384.7142857142857,33.70318622778557,323.93333333333334,44.826818737903736
2022-06-12,Set,388,12,6,2022,6,23,2,1,0,0,343.0,425.0,313.0,281.0,381.42857142857144,36.80967781647124,325.8,44.39975147491754
2022-06-13,Set,328,13,6,2022,0,24,2,0,0,0,388.0,410.0,323.0,300.0,376.14285714285717,31.829905075932803,329.3666666666667,44.97085901914152
2022-06-14,Set,361,14,6,2022,1,24,2,0,0,0,328.0,401.0,319.0,342.0,364.42857142857144,32.377240683630745,330.3,44.629625231182764
2022-06-15,Set,353,15,6,2022,2,24,2,0,0,0,361.0,398.0,346.0,304.0,358.7142857142857,28.09338169815333,330.93333333333334,44.9351512303221
2022-06-16,Set,365,16,6,2022,3,24,2,0,0,0,353.0,367.0,335.0,328.0,352.2857142857143,22.118727251768764,332.56666666666666,44.81277783703248
2022-06-17,Set,326,17,6,2022,4,24,2,0,0,0,365.0,326.0,303.0,346.0,352.0,21.908902300207625,333.8,45.19032548279936
2022-06-18,Set,326,18,6,2022,5,24,2,1,0,0,326.0,343.0,366.0,301.0,352.0,21.908902300207625,333.1333333333333,45.15164741587821
2022-06-19,Set,337,19,6,2022,6,24,2,1,0,0,326.0,388.0,425.0,243.0,349.57142857142856,23.92249389770552,333.96666666666664,44.76720115051354
2022-06-20,Set,319,20,6,2022,0,25,2,0,0,0,337.0,328.0,410.0,239.0,342.2857142857143,17.046155829731052,337.1,41.33909396267824
2022-06-21,Set,319,21,6,2022,1,25,2,0,0,0,319.0,361.0,401.0,322.0,341.0,18.574175621007942,339.76666666666665,37.16197846829648
2022-06-22,Set,335,22,6,2022,2,25,2,0,0,0,319.0,353.0,398.0,302.0,335.0,17.804493814766186,339.6666666666667,37.215433703600674
2022-06-23,Set,239,23,6,2022,3,25,2,0,0,0,335.0,365.0,367.0,320.0,332.42857142857144,15.97766297947739,340.76666666666665,36.54537409599283
2022-06-24,Set,213,24,6,2022,4,25,2,0,0,0,239.0,326.0,326.0,311.0,314.42857142857144,33.98949417519722,338.06666666666666,40.86895232774857
2022-06-25,Set,226,25,6,2022,5,25,2,1,0,0,213.0,326.0,343.0,278.0,298.2857142857143,50.433832182092644,334.8,46.61907261019302
2022-06-26,Set,217,26,6,2022,6,25,2,1,0,0,226.0,337.0,388.0,300.0,284.0,55.21171373298779,333.06666666666666,49.67059307167491
2022-06-27,Set,205,27,6,2022,0,26,2,0,0,0,217.0,319.0,328.0,282.0,266.85714285714283,54.63951125766274,330.3,53.72224223117264
2022-06-28,Set,195,28,6,2022,1,26,2,0,0,0,205.0,319.0,361.0,313.0,250.57142857142858,53.4847552824084,327.73333333333335,57.794483290799775
2022-06-29,Set,43,29,6,2022,2,26,2,0,0,0,195.0,335.0,353.0,323.0,232.85714285714286,47.210269262201756,323.8,62.643710640084024
2022-04-30,Top,102,30,4,2022,5,17,2,1,0,1,105.0,121.0,97.0,9.0,111.14285714285714,6.229729031796333,103.36666666666666,20.88966636687348
2022-05-01,Top,105,1,5,2022,6,17,2,1,1,0,102.0,115.0,92.0,124.0,108.42857142857143,5.287001130363361,106.46666666666667,10.92839810115
2022-05-02,Top,120,2,5,2022,0,18,2,0,0,0,105.0,115.0,112.0,107.0,107.0,4.509249752832054,105.83333333333333,10.415781571580382
2022-05-03,Top,112,3,5,2022,1,18,2,0,0,0,120.0,107.0,101.0,131.0,107.71428571428571,6.10230245384296,106.26666666666667,10.731626907962347
2022-05-04,Top,131,4,5,2022,2,18,2,0,0,0,112.0,104.0,113.0,112.0,108.42857142857143,6.294366339762102,105.63333333333334,9.736115961857449
2022-05-05,Top,94,5,5,2022,3,18,2,0,0,0,131.0,111.0,100.0,113.0,112.28571428571429,10.193368525901745,106.26666666666667,10.731626907962347
2022-05-06,Top,102,6,5,2022,4,18,2,0,0,0,94.0,105.0,82.0,99.0,109.85714285714286,12.34812497816057,105.63333333333334,10.880172834991507
2022-05-07,Top,102,7,5,2022,5,18,2,1,0,0,102.0,102.0,121.0,89.0,109.42857142857143,12.594405409511404,105.73333333333333,10.830777771064447
2022-05-08,Top,106,8,5,2022,6,18,2,1,0,0,102.0,105.0,115.0,119.0,109.42857142857143,12.594405409511404,106.16666666666667,10.389262803921305
2022-05-09,Top,80,9,5,2022,0,19,2,0,0,0,106.0,120.0,115.0,120.0,109.57142857142857,12.5413601449682,105.73333333333333,10.102691117511162
2022-05-10,Top,87,10,5,2022,1,19,2,0,0,0,80.0,112.0,107.0,107.0,103.85714285714286,15.710172621890772,104.4,10.772250429232075
2022-05-11,Top,88,11,5,2022,2,19,2,0,0,0,87.0,131.0,104.0,96.0,100.28571428571429,16.377975920063438,103.73333333333333,11.215547500985926
2022-05-12,Top,85,12,5,2022,3,19,2,0,0,0,88.0,94.0,111.0,103.0,94.14285714285714,9.599107101337074,103.46666666666667,11.497326025944965
2022-05-13,Top,62,13,5,2022,4,19,2,0,0,0,85.0,102.0,105.0,95.0,92.85714285714286,10.20504077125319,102.86666666666666,11.981978805343399
2022-05-14,Top,105,14,5,2022,5,19,2,1,0,0,62.0,102.0,102.0,98.0,87.14285714285714,14.519281105123863,101.76666666666667,14.063117163970423
2022-05-15,Top,131,15,5,2022,6,19,2,1,0,0,105.0,106.0,105.0,104.0,87.57142857142857,15.064938796837641,102.0,14.056536091665519
2022-05-16,Top,90,16,5,2022,0,20,2,0,0,0,131.0,80.0,120.0,97.0,91.14285714285714,21.675089937751277,102.9,15.020331049192313
2022-05-17,Top,108,17,5,2022,1,20,2,0,0,0,90.0,87.0,112.0,92.0,92.57142857142857,21.141248330041055,102.66666666666667,15.168782219503736
2022-05-18,Top,96,18,5,2022,2,20,2,0,0,0,108.0,88.0,131.0,112.0,95.57142857142857,21.7014373015352,103.2,15.061712134201004
2022-05-19,Top,105,19,5,2022,3,20,2,0,0,0,96.0,85.0,94.0,101.0,96.71428571428571,21.445390225054062,102.66666666666667,15.022588356181647
2022-05-20,Top,83,20,5,2022,4,20,2,0,0,0,105.0,62.0,102.0,113.0,99.57142857142857,20.95119044237017,102.8,15.025036576916388
2022-05-21,Top,92,21,5,2022,5,20,2,1,0,0,83.0,105.0,102.0,100.0,102.57142857142857,15.458084646956195,101.8,15.318233444552686
2022-05-22,Top,117,22,5,2022,6,20,2,1,0,0,92.0,131.0,106.0,82.0,100.71428571428571,15.892495983057874,101.53333333333333,15.419945286654599
2022-05-23,Top,116,23,5,2022,0,21,2,0,0,0,117.0,90.0,80.0,121.0,98.71428571428571,11.799919289477259,102.7,15.21376418541445
2022-05-24,Top,106,24,5,2022,1,21,2,0,0,0,116.0,108.0,87.0,115.0,102.42857142857143,12.660399452062963,102.53333333333333,15.032684696857924
2022-05-25,Top,131,25,5,2022,2,21,2,0,0,0,106.0,96.0,88.0,115.0,102.14285714285714,12.535663410563442,102.23333333333333,14.864174318160542
2022-05-26,Top,92,26,5,2022,3,21,2,0,0,0,131.0,105.0,85.0,107.0,107.14285714285714,16.139274781608737,102.76666666666667,15.606548875899382
2022-05-27,Top,103,27,5,2022,4,21,2,0,0,0,92.0,83.0,62.0,104.0,105.28571428571429,17.143650775282474,102.26666666666667,15.706210792899993
2022-05-28,Top,125,28,5,2022,5,21,2,1,0,0,103.0,92.0,105.0,111.0,108.14285714285714,14.229412864776666,102.23333333333333,15.703466196176452
2022-05-29,Top,122,29,5,2022,6,21,2,1,0,0,125.0,117.0,131.0,105.0,112.85714285714286,13.434142714601148,102.7,16.17394669596392
2022-05-30,Top,106,30,5,2022,0,22,2,0,0,0,122.0,116.0,90.0,102.0,113.57142857142857,13.818552057016012,103.26666666666667,16.550723149800856
2022-05-31,Top,116,31,5,2022,1,22,2,0,0,1,106.0,106.0,108.0,105.0,112.14285714285714,14.040757000352148,103.4,16.55627810914431
2022-06-01,Top,129,1,6,2022,2,22,2,0,1,0,116.0,131.0,96.0,120.0,113.57142857142857,13.818552057016012,103.76666666666667,16.713990285509713
2022-06-02,Top,105,2,6,2022,3,22,2,0,0,0,129.0,92.0,105.0,112.0,113.28571428571429,13.412858081141485,104.06666666666666,17.09190841694042
2022-06-03,Top,51,3,6,2022,4,22,2,0,0,0,105.0,103.0,83.0,131.0,115.14285714285714,10.574002260714913,103.83333333333333,17.02753010888369
2022-06-04,Top,53,4,6,2022,5,22,2,1,0,0,51.0,125.0,92.0,94.0,107.71428571428571,26.619005025949217,101.16666666666667,18.798538705734746
2022-06-05,Top,62,5,6,2022,6,22,2,1,0,0,53.0,122.0,117.0,102.0,97.42857142857143,32.16031272058462,99.8,20.728790573027446
2022-06-06,Top,61,6,6,2022,0,23,2,0,0,0,62.0,106.0,116.0,102.0,88.85714285714286,32.51373336211855,98.46666666666667,21.839119177213224
2022-06-07,Top,63,7,6,2022,1,23,2,0,0,0,61.0,116.0,106.0,106.0,82.42857142857143,33.00432872042391,97.1,22.868967077070913
2022-06-08,Top,77,8,6,2022,2,23,2,0,0,0,63.0,129.0,131.0,80.0,74.85714285714286,29.957906977562303,95.66666666666667,23.62688902621777
2022-06-09,Top,85,9,6,2022,3,23,2,0,0,0,77.0,105.0,92.0,87.0,67.42857142857143,18.581865199322728,95.56666666666666,23.701714376128038
2022-06-10,Top,62,10,6,2022,4,23,2,0,0,0,85.0,51.0,103.0,88.0,64.57142857142857,12.326896647269663,95.5,23.729437559628128
2022-06-11,Top,83,11,6,2022,5,23,2,1,0,0,62.0,53.0,125.0,85.0,66.14285714285714,10.930516478020488,94.63333333333334,24.475861907023656
2022-06-12,Top,134,12,6,2022,6,23,2,1,0,0,83.0,62.0,122.0,62.0,70.42857142857143,10.799029938801633,94.56666666666666,24.505711274256228
2022-06-13,Top,100,13,6,2022,0,24,2,0,0,0,134.0,61.0,106.0,105.0,80.71428571428571,25.591107086346362,96.96666666666667,24.730942970894265
2022-06-14,Top,99,14,6,2022,1,24,2,0,0,0,100.0,63.0,116.0,131.0,86.28571428571429,24.817428591714457,96.8,24.691754871220247
2022-06-15,Top,71,15,6,2022,2,24,2,0,0,0,99.0,77.0,129.0,90.0,91.42857142857143,22.83898087960869,95.73333333333333,23.839887371478834
2022-06-16,Top,63,16,6,2022,3,24,2,0,0,0,71.0,85.0,105.0,108.0,90.57142857142857,23.571572871132965,95.1,24.246364818180265
2022-06-17,Top,66,17,6,2022,4,24,2,0,0,0,63.0,62.0,51.0,96.0,87.42857142857143,25.799593942911812,93.6,24.80628396470676
2022-06-18,Top,62,18,6,2022,5,24,2,1,0,0,66.0,83.0,53.0,105.0,88.0,25.179356624030017,92.6,25.305853214153593
2022-06-19,Top,70,19,6,2022,6,24,2,1,0,0,62.0,134.0,62.0,83.0,85.0,27.05549851693893,91.16666666666667,25.792385047461522
2022-06-20,Top,59,20,6,2022,0,25,2,0,0,0,70.0,100.0,61.0,92.0,75.85714285714286,16.48664683341065,90.73333333333333,26.042317463127382
2022-06-21,Top,65,21,6,2022,1,25,2,0,0,0,59.0,99.0,63.0,117.0,70.0,13.490737563235236,89.63333333333334,26.676198009266965
2022-06-22,Top,62,22,6,2022,2,25,2,0,0,0,65.0,71.0,77.0,116.0,65.14285714285714,4.298393941494557,87.9,26.525654465579514
2022-06-23,Top,34,23,6,2022,3,25,2,0,0,0,62.0,63.0,85.0,106.0,63.857142857142854,3.5321651258508897,86.1,26.384883341891967
2022-06-24,Top,31,24,6,2022,4,25,2,0,0,0,34.0,66.0,62.0,131.0,59.714285714285715,11.870331162391764,83.7,27.751545467987867
2022-06-25,Top,55,25,6,2022,5,25,2,1,0,0,31.0,62.0,83.0,92.0,54.714285714285715,15.574704766752918,80.36666666666666,27.87964692465463
2022-06-26,Top,65,26,6,2022,6,25,2,1,0,0,55.0,70.0,134.0,103.0,53.714285714285715,15.250292737240034,79.13333333333334,28.164214679367014
2022-06-27,Top,37,27,6,2022,0,26,2,0,0,0,65.0,59.0,100.0,125.0,53.0,14.456832294803991,77.86666666666666,27.907153122488563
2022-06-28,Top,48,28,6,2022,1,26,2,0,0,0,37.0,65.0,99.0,122.0,49.857142857142854,15.301727260114953,74.93333333333334,27.402407814327383
2022-06-29,Top,13,29,6,2022,2,26,2,0,0,0,48.0,62.0,71.0,106.0,47.42857142857143,13.770223223286388,72.46666666666667,26.32912813796665
2022-04-30,Western Dress,126,30,4,2022,5,17,2,1,0,1,100.0,128.0,122.0,6.0,108.14285714285714,18.11471383000402,105.3,34.71772875138748
2022-05-01,Western Dress,135,1,5,2022,6,17,2,1,1,0,126.0,128.0,76.0,75.0,107.85714285714286,17.76164943005779,109.3,29.385839892823284
2022-05-02,Western Dress,138,2,5,2022,0,18,2,0,0,0,135.0,122.0,111.0,77.0,108.85714285714286,19.221763459065667,111.3,29.010283551249326
2022-05-03,Western Dress,153,3,5,2022,1,18,2,0,0,0,138.0,96.0,102.0,72.0,111.14285714285714,21.820697906871317,113.33333333333333,28.658913680268554
2022-05-04,Western Dress,150,4,5,2022,2,18,2,0,0,0,153.0,102.0,138.0,71.0,119.28571428571429,25.545477654009684,116.03333333333333,28.44532969766651
2022-05-05,Western Dress,113,5,5,2022,3,18,2,0,0,0,150.0,81.0,93.0,67.0,126.14285714285714,26.55452611407207,118.66666666666667,27.781578284067624
2022-05-06,Western Dress,108,6,5,2022,4,18,2,0,0,0,113.0,100.0,98.0,96.0,130.71428571428572,19.232908305943727,120.2,26.04690728877616
2022-05-07,Western Dress,141,7,5,2022,5,18,2,1,0,0,108.0,126.0,128.0,102.0,131.85714285714286,17.23783214742893,120.6,25.75293756260059
2022-05-08,Western Dress,126,8,5,2022,6,18,2,1,0,0,141.0,135.0,128.0,201.0,134.0,17.320508075690984,121.9,25.76598934441115
2022-05-09,Western Dress,84,9,5,2022,0,19,2,0,0,0,126.0,138.0,122.0,159.0,132.71428571428572,17.566201313075787,119.4,21.02969985191953
2022-05-10,Western Dress,112,10,5,2022,1,19,2,0,0,0,84.0,153.0,96.0,144.0,125.0,25.09980079602383,116.9,20.613604479928444
2022-05-11,Western Dress,126,11,5,2022,2,19,2,0,0,0,112.0,150.0,102.0,120.0,119.14285714285714,22.0788629796978,115.83333333333333,19.981169296028057
2022-05-12,Western Dress,125,12,5,2022,3,19,2,0,0,0,126.0,113.0,81.0,113.0,115.71428571428571,17.96955096558737,116.03333333333333,20.054208146111606
2022-05-13,Western Dress,156,13,5,2022,4,19,2,0,0,0,125.0,108.0,100.0,139.0,117.42857142857143,18.237846572968188,116.43333333333334,20.111213775900826
2022-05-14,Western Dress,134,14,5,2022,5,19,2,1,0,0,156.0,141.0,126.0,115.0,124.28571428571429,22.60320247011119,117.0,20.98932405147161
2022-05-15,Western Dress,165,15,5,2022,6,19,2,1,0,0,134.0,126.0,135.0,105.0,123.28571428571429,21.883892750259054,117.63333333333334,21.212363560335422
2022-05-16,Western Dress,146,16,5,2022,0,20,2,0,0,0,165.0,84.0,138.0,122.0,128.85714285714286,27.045816506000854,119.63333333333334,22.75276918853795
2022-05-17,Western Dress,129,17,5,2022,1,20,2,0,0,0,146.0,112.0,153.0,76.0,137.71428571428572,18.803495115842285,120.43333333333334,23.255230532639164
2022-05-18,Western Dress,175,18,5,2022,2,20,2,0,0,0,129.0,126.0,150.0,111.0,140.14285714285714,15.784259790783118,122.2,21.72619585216551
2022-05-19,Western Dress,196,19,5,2022,3,20,2,0,0,0,175.0,125.0,113.0,102.0,147.14285714285714,19.003759026648677,124.33333333333333,23.645854536923977
2022-05-20,Western Dress,181,20,5,2022,4,20,2,0,0,0,196.0,156.0,108.0,138.0,157.28571428571428,23.60589111298632,127.46666666666667,26.624765931727953
2022-05-21,Western Dress,171,21,5,2022,5,20,2,1,0,0,181.0,134.0,141.0,93.0,160.85714285714286,25.215263706921537,128.9,28.315159824055932
2022-05-22,Western Dress,151,22,5,2022,6,20,2,1,0,0,171.0,165.0,126.0,98.0,166.14285714285714,22.36387392968684,131.5,28.485628560425386
2022-05-23,Western Dress,152,23,5,2022,0,21,2,0,0,0,151.0,146.0,84.0,128.0,164.14285714285714,23.09710350836789,133.26666666666668,27.9752764410611
2022-05-24,Western Dress,147,24,5,2022,1,21,2,0,0,0,152.0,129.0,112.0,128.0,165.0,22.412793965353874,134.06666666666666,28.16201076937651
2022-05-25,Western Dress,134,25,5,2022,2,21,2,0,0,0,147.0,175.0,126.0,122.0,167.57142857142858,18.237846572967896,134.7,28.234425062686437
2022-05-26,Western Dress,167,26,5,2022,3,21,2,0,0,0,134.0,196.0,125.0,96.0,161.71428571428572,21.708019145886293,135.1,28.13311951762318
2022-05-27,Western Dress,201,27,5,2022,4,21,2,0,0,0,167.0,181.0,156.0,102.0,157.57142857142858,16.123038824999846,137.46666666666667,27.713725384949825
2022-05-28,Western Dress,195,28,5,2022,5,21,2,1,0,0,201.0,171.0,134.0,81.0,160.42857142857142,21.755130757726675,140.76666666666668,29.199295378047804
2022-05-29,Western Dress,185,29,5,2022,6,21,2,1,0,0,195.0,151.0,165.0,100.0,163.85714285714286,25.301044586003304,144.56666666666666,28.564124271576624
2022-05-30,Western Dress,190,30,5,2022,0,22,2,0,0,0,185.0,152.0,146.0,126.0,168.71428571428572,25.682122742707563,147.4,28.204426162788526
2022-05-31,Western Dress,208,31,5,2022,1,22,2,0,0,1,190.0,147.0,129.0,135.0,174.14285714285714,25.576216630747485,149.53333333333333,28.940763916865286
2022-06-01,Western Dress,207,1,6,2022,2,22,2,0,1,0,208.0,134.0,175.0,138.0,182.85714285714286,25.175573951939775,151.96666666666667,30.692561530981948
2022-06-02,Western Dress,213,2,6,2022,3,22,2,0,0,0,207.0,167.0,196.0,153.0,193.28571428571428,14.360992139756815,154.26666666666668,32.160088065296044
2022-06-03,Western Dress,130,3,6,2022,4,22,2,0,0,0,213.0,201.0,181.0,150.0,199.85714285714286,10.270160197204822,156.26666666666668,33.89734333332412
2022-06-04,Western Dress,129,4,6,2022,5,22,2,1,0,0,130.0,195.0,171.0,113.0,189.71428571428572,28.259006149747936,155.6,34.219978032598235
2022-06-05,Western Dress,132,5,6,2022,6,22,2,1,0,0,129.0,185.0,151.0,108.0,180.28571428571428,36.11885142929514,156.13333333333333,33.653132593164564
2022-06-06,Western Dress,160,6,6,2022,0,23,2,0,0,0,132.0,190.0,152.0,141.0,172.71428571428572,40.2811547571752,156.93333333333334,32.74239404527217
2022-06-07,Western Dress,164,7,6,2022,1,23,2,0,0,0,160.0,208.0,147.0,126.0,168.42857142857142,39.727644207601664,157.56666666666666,32.60704740128533
2022-06-08,Western Dress,173,8,6,2022,2,23,2,0,0,0,164.0,207.0,134.0,84.0,162.14285714285714,35.69980658877951,158.83333333333334,32.072206609171644
2022-06-09,Western Dress,172,9,6,2022,3,23,2,0,0,0,173.0,213.0,167.0,112.0,157.28571428571428,30.51619398349295,161.8,28.867593093887635
2022-06-10,Western Dress,154,10,6,2022,4,23,2,0,0,0,172.0,130.0,201.0,126.0,151.42857142857142,20.247280828606577,163.8,27.33622076141889
2022-06-11,Western Dress,146,11,6,2022,5,23,2,1,0,0,154.0,129.0,195.0,125.0,154.85714285714286,17.91115640626258,164.73333333333332,26.465245047081794
2022-06-12,Western Dress,158,12,6,2022,6,23,2,1,0,0,146.0,132.0,185.0,156.0,157.28571428571428,14.682350921140149,165.43333333333334,25.643017915523924
2022-06-13,Western Dress,147,13,6,2022,0,24,2,0,0,0,158.0,160.0,190.0,134.0,161.0,9.643650760996854,165.5,25.6202371519845
2022-06-14,Western Dress,146,14,6,2022,1,24,2,0,0,0,147.0,164.0,208.0,165.0,159.14285714285714,11.021623767678983,165.93333333333334,25.175156518816635
2022-06-15,Western Dress,129,15,6,2022,2,24,2,0,0,0,146.0,173.0,207.0,146.0,156.57142857142858,11.773659058216532,165.3,25.437075845819933
2022-06-16,Western Dress,105,16,6,2022,3,24,2,0,0,0,129.0,172.0,213.0,129.0,150.28571428571428,13.199927849733639,164.73333333333332,26.063494530208825
2022-06-17,Western Dress,106,17,6,2022,4,24,2,0,0,0,105.0,154.0,130.0,175.0,140.71428571428572,18.18162337558201,163.93333333333334,27.52545321538651
2022-06-18,Western Dress,108,18,6,2022,5,24,2,1,0,0,106.0,146.0,129.0,196.0,133.85714285714286,21.145752697479015,161.63333333333333,29.388577810893004
2022-06-19,Western Dress,99,19,6,2022,6,24,2,1,0,0,108.0,158.0,132.0,181.0,128.42857142857142,22.352159797637757,158.7,30.220054998919426
2022-06-20,Western Dress,107,20,6,2022,0,25,2,0,0,0,99.0,147.0,160.0,171.0,120.0,20.379728490179215,155.96666666666667,31.80054579159704
2022-06-21,Western Dress,124,21,6,2022,1,25,2,0,0,0,107.0,146.0,164.0,151.0,114.28571428571429,16.84947363880703,153.83333333333334,32.88546826469537
2022-06-22,Western Dress,116,22,6,2022,2,25,2,0,0,0,124.0,129.0,173.0,152.0,111.14285714285714,10.976164652385771,152.93333333333334,33.33211492025748
2022-06-23,Western Dress,92,23,6,2022,3,25,2,0,0,0,116.0,105.0,172.0,147.0,109.28571428571429,8.199883855164552,151.73333333333332,34.0080450252078
2022-06-24,Western Dress,98,24,6,2022,4,25,2,0,0,0,92.0,106.0,154.0,134.0,107.42857142857143,10.48581808694365,149.9,35.71182553102542
2022-06-25,Western Dress,105,25,6,2022,5,25,2,1,0,0,98.0,108.0,146.0,167.0,106.28571428571429,11.086242010025575,148.7,36.851191905111605
2022-06-26,Western Dress,119,26,6,2022,6,25,2,1,0,0,105.0,99.0,158.0,201.0,105.85714285714286,11.066896153677625,146.63333333333333,37.521932283647466
2022-06-27,Western Dress,101,27,6,2022,0,26,2,0,0,0,119.0,107.0,147.0,195.0,108.71428571428571,11.5717225124376,143.9,36.39472299755472
2022-06-28,Western Dress,78,28,6,2022,1,26,2,0,0,0,101.0,124.0,146.0,185.0,107.85714285714286,11.93633907344643,140.76666666666668,35.886490910714976
2022-06-29,Western Dress,28,29,6,2022,2,26,2,0,0,0,78.0,116.0,129.0,190.0,101.28571428571429,14.044148078049833,137.2,36.64781124385583
2022-04-30,kurta,539,30,4,2022,5,17,2,1,0,1,412.0,539.0,547.0,64.0,464.0,49.01020301937153,476.1666666666667,100.66163304763202
2022-05-01,kurta,561,1,5,2022,6,17,2,1,1,0,539.0,519.0,507.0,414.0,464.0,49.01020301937153,492.0,64.4328038106103
2022-05-02,kurta,655,2,5,2022,0,18,2,0,0,0,561.0,462.0,487.0,460.0,470.0,58.51495535331128,496.9,63.883703604338294
2022-05-03,kurta,686,3,5,2022,1,18,2,0,0,0,655.0,466.0,522.0,469.0,497.57142857142856,90.72275925928977,503.4,69.65907124629645
2022-05-04,kurta,604,4,5,2022,2,18,2,0,0,0,686.0,423.0,580.0,441.0,529.0,113.26811849177444,510.6333333333333,76.85834858443484
2022-05-05,kurta,463,5,5,2022,3,18,2,0,0,0,604.0,427.0,607.0,513.0,554.8571428571429,105.42521610353083,516.0666666666667,77.52460491880082
2022-05-06,kurta,337,6,5,2022,4,18,2,0,0,0,463.0,412.0,515.0,547.0,560.0,98.8197011396681,514.4,78.1279233935804
2022-05-07,kurta,380,7,5,2022,5,18,2,1,0,0,337.0,539.0,539.0,472.0,549.2857142857143,119.45252095248868,507.4,84.2723826811529
2022-05-08,kurta,396,8,5,2022,6,18,2,1,0,0,380.0,561.0,519.0,434.0,526.5714285714286,135.7409998770417,504.3333333333333,87.2271443568098
2022-05-09,kurta,447,9,5,2022,0,19,2,0,0,0,396.0,655.0,462.0,430.0,503.0,142.90323066093825,503.06666666666666,88.54958997678942
2022-05-10,kurta,333,10,5,2022,1,19,2,0,0,0,447.0,686.0,466.0,518.0,473.2857142857143,126.74083041876472,503.6333333333333,88.1192308782525
2022-05-11,kurta,319,11,5,2022,2,19,2,0,0,0,333.0,604.0,423.0,410.0,422.85714285714283,93.99544061890893,497.46666666666664,93.39450376405125
2022-05-12,kurta,289,12,5,2022,3,19,2,0,0,0,319.0,463.0,427.0,366.0,382.14285714285717,56.83434575274737,494.43333333333334,97.71128595151585
2022-05-13,kurta,256,13,5,2022,4,19,2,0,0,0,289.0,337.0,412.0,516.0,357.2857142857143,53.53103238843243,491.8666666666667,102.11343703444983
2022-05-14,kurta,285,14,5,2022,5,19,2,1,0,0,256.0,380.0,539.0,615.0,345.7142857142857,65.95886163792854,483.2,110.66956096478367
2022-05-15,kurta,322,15,5,2022,6,19,2,1,0,0,285.0,396.0,561.0,603.0,332.14285714285717,67.48438972935021,472.2,113.48200525740373
2022-05-16,kurta,305,16,5,2022,0,20,2,0,0,0,322.0,447.0,655.0,547.0,321.57142857142856,61.329321814982464,462.8333333333333,113.90954770110925
2022-05-17,kurta,271,17,5,2022,1,20,2,0,0,0,305.0,333.0,686.0,507.0,301.2857142857143,26.55004259704168,454.76666666666665,116.28759928352828
2022-05-18,kurta,296,18,5,2022,2,20,2,0,0,0,271.0,319.0,604.0,487.0,292.42857142857144,24.466692617086856,446.9,120.5371169048113
2022-05-19,kurta,290,19,5,2022,3,20,2,0,0,0,296.0,289.0,463.0,522.0,289.14285714285717,21.690463122675713,440.53333333333336,123.3572701220079
2022-05-20,kurta,270,20,5,2022,4,20,2,0,0,0,290.0,256.0,337.0,580.0,289.2857142857143,21.69265840258849,432.8,125.33029465624297
2022-05-21,kurta,261,21,5,2022,5,20,2,1,0,0,270.0,285.0,380.0,607.0,291.2857142857143,18.526686029564484,422.46666666666664,125.55469568755838
2022-05-22,kurta,299,22,5,2022,6,20,2,1,0,0,261.0,322.0,396.0,515.0,287.85714285714283,21.813058561547216,410.93333333333334,123.89982976619432
2022-05-23,kurta,297,23,5,2022,0,21,2,0,0,0,299.0,305.0,447.0,539.0,284.57142857142856,17.018197543189228,403.73333333333335,123.91986658051769
2022-05-24,kurta,294,24,5,2022,1,21,2,0,0,0,297.0,271.0,333.0,519.0,283.42857142857144,15.629642167550687,395.6666666666667,122.68134594826601
2022-05-25,kurta,363,25,5,2022,2,21,2,0,0,0,294.0,296.0,319.0,462.0,286.7142857142857,14.98570747650551,388.1666666666667,121.75557293294564
2022-05-26,kurta,353,26,5,2022,3,21,2,0,0,0,363.0,290.0,289.0,466.0,296.2857142857143,32.760312807390285,384.8666666666667,121.02485733085572
2022-05-27,kurta,348,27,5,2022,4,21,2,0,0,0,353.0,270.0,256.0,423.0,305.2857142857143,38.83604118905608,381.1,120.16808630213428
2022-05-28,kurta,378,28,5,2022,5,21,2,1,0,0,348.0,261.0,285.0,427.0,316.42857142857144,38.20932322028679,378.6,120.0464278001897
2022-05-29,kurta,356,29,5,2022,6,21,2,1,0,0,378.0,299.0,322.0,412.0,333.14285714285717,35.40917287666419,376.96666666666664,119.6980348219211
2022-05-30,kurta,304,30,5,2022,0,22,2,0,0,0,356.0,297.0,305.0,539.0,341.2857142857143,32.69920633957441,375.1,119.56944310373736
2022-05-31,kurta,352,31,5,2022,1,22,2,0,0,1,304.0,294.0,271.0,561.0,342.2857142857143,31.19142128702586,367.26666666666665,116.10932224693943
2022-06-01,kurta,404,1,6,2022,2,22,2,0,1,0,352.0,363.0,296.0,655.0,350.57142857142856,22.80246436138755,360.3,110.20424611633122
2022-06-02,kurta,352,2,6,2022,3,22,2,0,0,0,404.0,353.0,290.0,686.0,356.42857142857144,30.495120608916256,351.93333333333334,95.6224376112248
2022-06-03,kurta,433,3,6,2022,4,22,2,0,0,0,352.0,348.0,270.0,604.0,356.2857142857143,30.51619398349118,340.8,71.88275895152246
2022-06-04,kurta,505,4,6,2022,5,22,2,1,0,0,433.0,378.0,261.0,463.0,368.42857142857144,41.5766647005146,335.1,55.117022841373334
2022-06-05,kurta,554,5,6,2022,6,22,2,1,0,0,505.0,356.0,299.0,337.0,386.57142857142856,66.6179583967593,336.5,58.882554058173405
2022-06-06,kurta,487,6,6,2022,0,23,2,0,0,0,554.0,304.0,297.0,380.0,414.85714285714283,89.55897232443827,343.73333333333335,71.02303333685308
2022-06-07,kurta,482,7,6,2022,1,23,2,0,0,0,487.0,352.0,294.0,396.0,441.0,77.73459118479138,347.3,75.45546756999671
2022-06-08,kurta,486,8,6,2022,2,23,2,0,0,0,482.0,404.0,363.0,447.0,459.57142857142856,67.8254061122062,350.1666666666667,78.92339513002788
2022-06-09,kurta,510,9,6,2022,3,23,2,0,0,0,486.0,352.0,353.0,333.0,471.2857142857143,63.57597629533303,351.46666666666664,80.87057916642232
2022-06-10,kurta,397,10,6,2022,4,23,2,0,0,0,510.0,433.0,348.0,319.0,493.85714285714283,36.411667413200306,357.3666666666667,85.78420533558268
2022-06-11,kurta,416,11,6,2022,5,23,2,1,0,0,397.0,505.0,378.0,289.0,488.7142857142857,47.34171622615812,359.96666666666664,85.7633002989091
2022-06-12,kurta,474,12,6,2022,6,23,2,1,0,0,416.0,554.0,356.0,256.0,476.0,53.75561986124475,364.2,85.27254479931786
2022-06-13,kurta,412,13,6,2022,0,24,2,0,0,0,474.0,487.0,304.0,285.0,464.57142857142856,41.52050554788998,371.46666666666664,85.02240407917346
2022-06-14,kurta,417,14,6,2022,1,24,2,0,0,0,412.0,482.0,352.0,322.0,453.85714285714283,44.348726292978284,375.7,83.72045026815971
2022-06-15,kurta,344,15,6,2022,2,24,2,0,0,0,417.0,486.0,404.0,305.0,444.57142857142856,44.27887812060086,378.8666666666667,83.41534355398798
2022-06-16,kurta,403,16,6,2022,3,24,2,0,0,0,344.0,510.0,352.0,271.0,424.2857142857143,53.66784973555462,380.1666666666667,82.52359467546769
2022-06-17,kurta,336,17,6,2022,4,24,2,0,0,0,403.0,397.0,433.0,296.0,409.0,38.19249489973966,384.56666666666666,79.98218910927987
2022-06-18,kurta,347,18,6,2022,5,24,2,1,0,0,336.0,416.0,505.0,290.0,400.2857142857143,47.267727840864815,385.9,78.77919819955953
2022-06-19,kurta,323,19,6,2022,6,24,2,1,0,0,347.0,474.0,554.0,270.0,390.42857142857144,50.526749162719256,387.8,77.05501840937379
2022-06-20,kurta,405,20,6,2022,0,25,2,0,0,0,323.0,412.0,487.0,261.0,368.85714285714283,40.047590736640934,389.56666666666666,74.8366880951946
2022-06-21,kurta,393,21,6,2022,1,25,2,0,0,0,405.0,417.0,482.0,299.0,367.85714285714283,38.86055657273609,394.3666666666667,70.81616965818927
2022-06-22,kurta,403,22,6,2022,2,25,2,0,0,0,393.0,344.0,486.0,297.0,364.42857142857144,34.630704790484394,397.5,68.49251154638011
2022-06-23,kurta,319,23,6,2022,3,25,2,0,0,0,403.0,403.0,510.0,294.0,372.85714285714283,35.98346180969099,401.03333333333336,65.81084877200671
2022-06-24,kurta,272,24,6,2022,4,25,2,0,0,0,319.0,336.0,397.0,363.0,360.85714285714283,38.19436507928213,401.8666666666667,64.5550998724362
2022-06-25,kurta,223,25,6,2022,5,25,2,1,0,0,272.0,347.0,416.0,353.0,351.7142857142857,50.7369499993649,398.8333333333333,68.4639766005014
2022-06-26,kurta,258,26,6,2022,6,25,2,1,0,0,223.0,323.0,474.0,348.0,334.0,70.4674865925174,394.5,75.24339815237758
2022-06-27,kurta,215,27,6,2022,0,26,2,0,0,0,258.0,405.0,412.0,378.0,324.7142857142857,76.20742371036681,391.5,78.86817897715395
2022-06-28,kurta,256,28,6,2022,1,26,2,0,0,0,215.0,393.0,417.0,356.0,297.57142857142856,76.68084754977816,386.06666666666666,85.19144093860233
2022-06-29,kurta,70,29,6,2022,2,26,2,0,0,0,256.0,403.0,344.0,304.0,278.0,64.83311910847159,382.73333333333335,88.3078210826639
